cle;libelle;offres;employeurs;part_pct
31555;Toulouse;5611;1314;12.10
34172;Montpellier;2631;712;5.68
30189;Nîmes;1328;431;2.86
66136;Perpignan;1085;308;2.34
82121;Montauban;991;311;2.14
34032;Béziers;813;227;1.75
31149;Colomiers;786;213;1.70
81004;Albi;730;216;1.57
11069;Carcassonne;629;220;1.36
31069;Blagnac;613;185;1.32
12202;Rodez;604;186;1.30
65440;Tarbes;572;193;1.23
11262;Narbonne;565;169;1.22
32013;Auch;526;177;1.13
30007;Alès;436;111;0.94
81065;Castres;414;153;0.89
31395;Muret;399;162;0.86
46042;Cahors;341;155;0.74
12145;Millau;297;110;0.64
31254;Labège;295;138;0.64
34301;Sète;286;124;0.62
09225;Pamiers;251;91;0.54
31044;Balma;247;110;0.53
31433;Portet-sur-Garonne;241;110;0.52
46102;Figeac;241;96;0.52
34145;Lunel;237;95;0.51
48095;Mende;211;91;0.46
30028;Bagnols-sur-Cèze;201;89;0.43
65286;Lourdes;198;81;0.43
12300;Villefranche-de-Rouergue;192;65;0.41
34154;Mauguio;191;94;0.41
81099;Gaillac;190;81;0.41
11076;Castelnaudary;186;79;0.40
09122;Foix;182;70;0.39
34270;Saint-Jean-de-Védas;176;70;0.38
34057;Castelnau-le-Lez;175;88;0.38
31118;Castelnau-d'Estrétefonds;170;52;0.37
31157;Cugnaux;165;62;0.36
31150;Cornebarrieu;165;49;0.36
34003;Agde;165;86;0.36
