cle;libelle;offres;part_pct
20 à 49 salariés;20 à 49 salariés;5671;22.48
50 à 99 salariés;50 à 99 salariés;3677;14.57
10 à 19 salariés;10 à 19 salariés;3021;11.97
100 à 199 salariés;100 à 199 salariés;2598;10.30
6 à 9 salariés;6 à 9 salariés;2095;8.30
0 salarié (n'ayant pas d'effectif au 31/12 mais ayant employé des salariés au cours de l'année de référence);0 salarié (n'ayant pas d'effectif au 31/12 mais ayant employé des salariés au cours de l'année de référence);1957;7.76
3 à 5 salariés;3 à 5 salariés;1915;7.59
1 ou 2 salariés;1 ou 2 salariés;1409;5.58
250 à 499 salariés;250 à 499 salariés;1226;4.86
200 à 249 salariés;200 à 249 salariés;553;2.19
500 à 999 salariés;500 à 999 salariés;535;2.12
1000 à 1999 salariés;1000 à 1999 salariés;325;1.29
2000 à 4999 salariés;2000 à 4999 salariés;96;0.38
10 000 salariés et plus;10 000 salariés et plus;72;0.29
5000 à 9999 salariés;5000 à 9999 salariés;51;0.20
Non employeur (pas de salarié au cours de l'année de référence et pas d'effectif au 31/12);Non employeur (pas de salarié au cours de l'année de référence et pas d'effectif au 31/12);28;0.11
